ObjectKey,Size,ContentType,LastModified

8_Ball.png,270196,----------,Mon Jun 23 06:29:47 2025
Abuelita.png,257938,----------,Mon Jun 23 06:29:47 2025
Agent_Powers.png,215528,----------,Mon Jun 23 06:29:47 2025
Agent_Trigger.png,183577,----------,Mon Jun 23 06:29:47 2025
Alex_Hirsch.png,283579,----------,Mon Jun 23 06:29:47 2025
America_Guy.png,234788,----------,Mon Jun 23 06:29:47 2025
Angry_lady.png,180295,----------,Mon Jun 23 06:29:47 2025
Anti_Mabel.png,447850,----------,Mon Jun 23 06:29:47 2025
Archibald_Corduroy.png,272444,----------,Mon Jun 23 06:29:47 2025
Bats_Biker.png,200265,----------,Mon Jun 23 06:29:47 2025
Beardy.png,149027,----------,Mon Jun 23 06:29:47 2025
BeeblyBoop`s_clerk.png,83469,----------,Mon Jun 23 06:29:47 2025
Billy.png,241042,----------,Mon Jun 23 06:29:47 2025
Billy`s_mother.png,126327,----------,Mon Jun 23 06:29:47 2025
Bill_Cipher.png,206777,----------,Mon Jun 23 06:29:47 2025
Blendin_Blandin.png,160869,----------,Mon Jun 23 06:29:47 2025
Blind_Ivan.png,157114,----------,Mon Jun 23 06:29:47 2025
Bobby_Renzobbi.png,326941,----------,Mon Jun 23 06:29:47 2025
British_dog_man.png,114144,----------,Mon Jun 23 06:29:47 2025
Bud_Driver.png,207012,----------,Mon Jun 23 06:29:47 2025
Bud_Gleeful.png,201227,----------,Mon Jun 23 06:29:47 2025
Candy_Chiu.png,231203,----------,Mon Jun 23 06:29:47 2025
Caryn_Pines.png,239988,----------,Mon Jun 23 06:29:47 2025
Charlie.png,47899,----------,Mon Jun 23 06:29:47 2025
Charlie`s_mother.png,42083,----------,Mon Jun 23 06:29:47 2025
Chutzpar.png,198554,----------,Mon Jun 23 06:29:47 2025
Cinnamon.png,319727,----------,Mon Jun 23 06:29:47 2025
Corn_maze_girl.png,136776,----------,Mon Jun 23 06:29:47 2025
Crampelter.png,187618,----------,Mon Jun 23 06:29:47 2025
Cycloptopus.png,134384,----------,Mon Jun 23 06:29:47 2025
Davey.png,202741,----------,Mon Jun 23 06:29:47 2025
Deputy_Durland.png,180942,----------,Mon Jun 23 06:29:47 2025
Deuce.png,116725,----------,Mon Jun 23 06:29:47 2025
Dipper_Pines.png,283732,----------,Mon Jun 23 06:29:47 2025
DR_Karate.png,289938,----------,Mon Jun 23 06:29:47 2025
duskerts.png,271046,----------,Mon Jun 23 06:29:47 2025
Earl.png,288330,----------,Mon Jun 23 06:29:47 2025
Emma_Sue.png,147771,----------,Mon Jun 23 06:29:47 2025
Emma_Sue`s_parents.png,297099,----------,Mon Jun 23 06:29:47 2025
Emmet_D`Shavn.png,456750,----------,Mon Jun 23 06:29:47 2025
Ergman_Bratsman.png,277451,----------,Mon Jun 23 06:29:47 2025
Ernesto.png,219658,----------,Mon Jun 23 06:29:47 2025
Eye_bats.png,85274,----------,Mon Jun 23 06:29:47 2025
Filbrick_Pines.png,207059,----------,Mon Jun 23 06:29:47 2025
Ford_Pines.png,189290,----------,Mon Jun 23 06:29:47 2025
Gabe_benson.png,363778,----------,Mon Jun 23 06:29:47 2025
Gary.png,209429,----------,Mon Jun 23 06:29:47 2025
Ghost_Eyes.png,309148,----------,Mon Jun 23 06:29:47 2025
Gideon_Gleerful.png,262906,----------,Mon Jun 23 06:29:47 2025
Giffany.png,289274,----------,Mon Jun 23 06:29:47 2025
Gorney.png,236206,----------,Mon Jun 23 06:29:47 2025
Grady_Mecc.png,152589,----------,Mon Jun 23 06:29:47 2025
Granny_Sweetkin.png,418499,----------,Mon Jun 23 06:29:47 2025
Greg_Vanice.png,280788,----------,Mon Jun 23 06:29:47 2025
Grenda.png,246130,----------,Mon Jun 23 06:29:47 2025
Handlebar_bros.png,406816,----------,Mon Jun 23 06:29:47 2025
Hank.png,255173,----------,Mon Jun 23 06:29:47 2025
Hank`s_son.png,104542,----------,Mon Jun 23 06:29:47 2025
Hank`s_wife.png,66127,----------,Mon Jun 23 06:29:47 2025
Harry_Claymore.png,111310,----------,Mon Jun 23 06:29:47 2025
Hectorgon.png,214715,----------,Mon Jun 23 06:29:47 2025
Hot_elf.png,371387,----------,Mon Jun 23 06:29:47 2025
Jean_Luc.png,191412,----------,Mon Jun 23 06:29:47 2025
Jeffy_Fresh.png,155760,----------,Mon Jun 23 06:29:47 2025
Jimmy.png,72342,----------,Mon Jun 23 06:29:47 2025
Justin_Kerprank.png,192268,----------,Mon Jun 23 06:29:47 2025
keyhole.png,248073,----------,Mon Jun 23 06:29:47 2025
killbone.png,89815,----------,Mon Jun 23 06:29:47 2025
kraken.png,161179,----------,Mon Jun 23 06:29:47 2025
kryptos.png,216963,----------,Mon Jun 23 06:29:47 2025
Leaderaur.png,228014,----------,Mon Jun 23 06:29:47 2025
Lee.png,136380,----------,Mon Jun 23 06:29:47 2025
Little_green_man.png,66070,----------,Mon Jun 23 06:29:47 2025
Log_land_girl.png,163314,----------,Mon Jun 23 06:29:47 2025
Lolph_Dundgreen.png,272424,----------,Mon Jun 23 06:29:47 2025
mabel_pines.png,246005,----------,Mon Jun 23 06:29:47 2025
manly_dan.png,117281,----------,Mon Jun 23 06:29:47 2025
mariah.png,127432,----------,Mon Jun 23 06:29:47 2025
marius.png,173333,----------,Mon Jun 23 06:29:47 2025
matress_king.png,78382,----------,Mon Jun 23 06:29:47 2025
mayor_Befuftle.png,119510,----------,Mon Jun 23 06:29:47 2025
McGucket.png,172651,----------,Mon Jun 23 06:29:47 2025
melody.png,123694,----------,Mon Jun 23 06:29:47 2025
meredith.png,138210,----------,Mon Jun 23 06:29:47 2025
meredith`s_crush.png,156579,----------,Mon Jun 23 06:29:47 2025
mermando.png,203623,----------,Mon Jun 23 06:29:47 2025
michael.png,79613,----------,Mon Jun 23 06:29:47 2025
mrs_gleeful.png,160142,----------,Mon Jun 23 06:29:47 2025
multilevel_mark.png,77573,----------,Mon Jun 23 06:29:47 2025
multi_bear.png,356980,----------,Mon Jun 23 06:29:47 2025
mummy_kid.png,197736,----------,Mon Jun 23 06:29:47 2025
nate.png,131854,----------,Mon Jun 23 06:29:47 2025
nathaniel_northwest.png,97738,----------,Mon Jun 23 06:29:47 2025
ogre.png,210043,----------,Mon Jun 23 06:29:47 2025
pacifica.png,268651,----------,Mon Jun 23 06:29:47 2025
paper_jam.png,324058,----------,Mon Jun 23 06:29:47 2025
pituitaur.png,162828,----------,Mon Jun 23 06:29:47 2025
pizza_guy.png,197891,----------,Mon Jun 23 06:29:47 2025
poolcheck.png,162475,----------,Mon Jun 23 06:29:47 2025
pool_kid.png,289893,----------,Mon Jun 23 06:29:47 2025
preston_northwest.png,180560,----------,Mon Jun 23 06:29:47 2025
principal.png,281120,----------,Mon Jun 23 06:29:47 2025
priscilla_northwest.png,122251,----------,Mon Jun 23 06:29:47 2025
probabilitor.png,169674,----------,Mon Jun 23 06:29:47 2025
pubetor.png,270635,----------,Mon Jun 23 06:29:47 2025
pyronica.png,458757,----------,Mon Jun 23 06:29:47 2025
reginald.png,151394,----------,Mon Jun 23 06:29:47 2025
rich.png,119965,----------,Mon Jun 23 06:29:47 2025
robbie.png,199358,----------,Mon Jun 23 06:29:47 2025
rosanna.png,261297,----------,Mon Jun 23 06:29:47 2025
sergei.png,103877,----------,Mon Jun 23 06:29:47 2025
shandra.png,103104,----------,Mon Jun 23 06:29:47 2025
trembley.png,357220,----------,Mon Jun 23 06:29:47 2025
witch.png,256296,----------,Mon Jun 23 06:29:47 2025
